Metric,Jan_Correlation,Oct_Correlation
Forward_1D_Return_Avg,-0.06853945952109544,-0.13422084574189094
Forward_2D_Return_Avg,-0.07594804553224559,-0.10465799395049054
Forward_3D_Return_Avg,-0.06583390745007474,-0.08809221267108008
Forward_4D_Return_Avg,-0.05121581456185069,-0.09090435947591811
Forward_5D_Return_Avg,-0.04240473068865298,-0.13158074003817835
